age_bin,vax_code,count,deaths,death_rate,ci_low,ci_high
0-0,CO16,5,0,0.0,0.0,0.43448246478317487
0-0,CO23,3,0,0.0,0.0,0.5614970317550455
1-1,0,101650,10197,0.10031480570585342,0.09848307284023207,0.10217674646510845
1-1,CO01,1,0,0.0,0.0,0.7934506856227627
1-1,CO16,20,4,0.2,0.080657662579798,0.4160174322518936
1-1,CO23,5,0,0.0,0.0,0.43448246478317487
10-10,0,102299,10237,0.10006940439300482,0.09824545493066449,0.10192338854240278
10-10,CO01,7325,804,0.10976109215017064,0.10280609641483748,0.11712518029203517
10-10,CO09,2,0,0.0,0.0,0.657619772493347
10-10,CO21,3,0,0.0,0.0,0.5614970317550455
100-100,0,1739,181,0.10408280621046578,0.09059244525693987,0.11931847748886355
100-100,CO01,756,72,0.09523809523809523,0.07631257748830025,0.11825624618466737
100-100,CO02,154,14,0.09090909090909091,0.054925293449259956,0.14680534854173696
100-100,CO03,175,24,0.13714285714285715,0.0939218226100164,0.19595200844987337
100-100,CO04,48,6,0.125,0.058570514385719794,0.2470045828638684
100-100,CO08,1,0,0.0,0.0,0.7934506856227627
100-100,CO20,1,0,0.0,0.0,0.7934506856227627
100-100,CO21,1,0,0.0,0.0,0.7934506856227627
101-101,0,1151,137,0.11902693310165074,0.10157495447125586,0.13901344551952854
101-101,CO01,437,40,0.09153318077803203,0.06793973872869853,0.1222453201924394
101-101,CO02,98,3,0.030612244897959183,0.010464891082493696,0.08617020168479832
101-101,CO03,92,14,0.15217391304347827,0.09286540270143616,0.2393651289755181
101-101,CO04,18,4,0.2222222222222222,0.09000928108601691,0.45214584316212625
102-102,0,770,78,0.1012987012987013,0.08192751953281166,0.12462830272086631
102-102,CO01,260,26,0.1,0.06915929018586983,0.14248848901566882
102-102,CO02,45,6,0.13333333333333333,0.06257148747568075,0.2617730182617707
102-102,CO03,49,10,0.20408163265306123,0.1148184960578213,0.3363700091951255
102-102,CO04,7,1,0.14285714285714285,0.02567962434474355,0.5131278292743189
103-103,0,420,42,0.1,0.07483557767166149,0.13241516902288358
103-103,CO01,129,13,0.10077519379844961,0.05984335089657648,0.16479629914651234
103-103,CO02,23,3,0.13043478260869565,0.04537659093631238,0.32127482270095964
103-103,CO03,21,3,0.14285714285714285,0.04981012499725268,0.34636060280620945
103-103,CO04,5,0,0.0,0.0,0.43448246478317487
104-104,0,183,25,0.1366120218579235,0.09427510635729118,0.19389144490242732
104-104,CO01,59,8,0.13559322033898305,0.0703417467253372,0.245396608065373
104-104,CO02,13,3,0.23076923076923078,0.08179528718498563,0.502563759467275
104-104,CO03,13,3,0.23076923076923078,0.08179528718498563,0.502563759467275
104-104,CO04,1,0,0.0,0.0,0.7934506856227627
104-104,CO20,1,1,1.0,0.2065493143772374,1.0
105-105,0,93,7,0.07526881720430108,0.03693668398168047,0.1472970010325892
105-105,CO01,21,1,0.047619047619047616,0.008455987809826385,0.2266936007412257
105-105,CO02,2,0,0.0,0.0,0.657619772493347
105-105,CO03,4,0,0.0,0.0,0.4898908364545974
106-106,0,106,14,0.1320754716981132,0.08033205324120546,0.20955356155814198
106-106,CO01,12,3,0.25,0.08894166839405476,0.5323053349335658
106-106,CO02,5,0,0.0,0.0,0.43448246478317487
106-106,CO03,3,1,0.3333333333333333,0.06149194472039626,0.7923403991979523
106-106,CO04,1,0,0.0,0.0,0.7934506856227627
107-107,0,71,6,0.08450704225352113,0.03930650771071112,0.17236038214304283
107-107,CO01,4,0,0.0,0.0,0.4898908364545974
107-107,CO02,1,0,0.0,0.0,0.7934506856227627
108-108,0,29,3,0.10344827586206896,0.035814891350677044,0.26385081090773804
108-108,CO01,6,0,0.0,0.0,0.39033428790216546
108-108,CO02,3,0,0.0,0.0,0.5614970317550455
108-108,CO03,1,1,1.0,0.2065493143772374,1.0
109-109,0,26,3,0.11538461538461539,0.040032446236106134,0.28975903211713644
109-109,CO01,1,0,0.0,0.0,0.7934506856227627
109-109,CO03,1,0,0.0,0.0,0.7934506856227627
11-11,0,101125,10156,0.10043016069221261,0.09859276847062681,0.10229790886491089
11-11,CO01,9514,974,0.10237544671011141,0.09644372046731409,0.10862814033908944
11-11,CO09,1,0,0.0,0.0,0.7934506856227627
11-11,CO11,1,0,0.0,0.0,0.7934506856227627
11-11,CO20,2,0,0.0,0.0,0.657619772493347
11-11,CO21,5,1,0.2,0.036224108632430196,0.6244653702374748
110-110,0,19,2,0.10526315789473684,0.029358560298870157,0.31394082711109017
110-110,CO01,1,0,0.0,0.0,0.7934506856227627
111-111,0,6,2,0.3333333333333333,0.09677141110578041,0.700006684861608
111-111,CO01,1,0,0.0,0.0,0.7934506856227627
111-111,CO02,1,0,0.0,0.0,0.7934506856227627
111-111,CO15,1,0,0.0,0.0,0.7934506856227627
112-112,0,1,0,0.0,0.0,0.7934506856227627
112-112,CO04,1,0,0.0,0.0,0.7934506856227627
113-113,CO02,1,0,0.0,0.0,0.7934506856227627
12-12,0,99042,9954,0.1005028169867329,0.0986457594750852,0.10239086321946013
12-12,CO01,11332,1172,0.10342393222732087,0.09795107082679791,0.1091655748452163
12-12,CO09,5,0,0.0,0.0,0.43448246478317487
12-12,CO20,6,0,0.0,0.0,0.39033428790216546
13-13,0,103421,10243,0.09904178068284004,0.09723608502939426,0.10087726153037654
13-13,CO01,16913,1684,0.09956837935316029,0.09514633620413002,0.10417228169676457
13-13,CO02,51,3,0.058823529411764705,0.020206639422464645,0.15924626048800428
13-13,CO07,3,0,0.0,0.0,0.5614970317550455
13-13,CO08,6,2,0.3333333333333333,0.09677141110578041,0.700006684861608
13-13,CO09,7,1,0.14285714285714285,0.02567962434474355,0.5131278292743189
13-13,CO20,16,1,0.0625,0.011119344764642547,0.28328737570298945
13-13,CO21,2,1,0.5,0.09453120573423068,0.9054687942657693
14-14,0,78150,7717,0.09874600127959053,0.09667413855389691,0.10085730930148333
14-14,CO01,42970,4269,0.0993483825925064,0.09655580483760252,0.10221258934949475
14-14,CO02,979,92,0.09397344228804903,0.07724921734447873,0.11387159581910516
14-14,CO04,1,1,1.0,0.2065493143772374,1.0
14-14,CO07,2,0,0.0,0.0,0.657619772493347
14-14,CO09,6,0,0.0,0.0,0.39033428790216546
14-14,CO20,3,1,0.3333333333333333,0.06149194472039626,0.7923403991979523
15-15,0,70021,7069,0.10095542765741707,0.09874581105005789,0.10320882625015002
15-15,CO01,52391,5226,0.09974995705369243,0.09721322257465205,0.1023453821982697
15-15,CO02,1174,117,0.09965928449744463,0.08380848507366838,0.11812145807745088
15-15,CO09,3,1,0.3333333333333333,0.06149194472039626,0.7923403991979523
15-15,CO20,3,1,0.3333333333333333,0.06149194472039626,0.7923403991979523
16-16,0,62792,6400,0.10192381195056695,0.09958169889302357,0.10431462865626173
16-16,CO01,55153,5506,0.09983137816619223,0.09735734336293494,0.10236115333606408
16-16,CO02,1222,123,0.10065466448445172,0.08501700007468102,0.1187952115477347
16-16,CO04,1,0,0.0,0.0,0.7934506856227627
16-16,CO07,1,1,1.0,0.2065493143772374,1.0
16-16,CO08,2,1,0.5,0.09453120573423068,0.9054687942657693
16-16,CO09,6,0,0.0,0.0,0.39033428790216546
16-16,CO20,10,1,0.1,0.017876213095072924,0.40415002679523854
17-17,0,49629,4984,0.10042515464748433,0.09781164433842673,0.103100517160409
17-17,CO01,58527,5850,0.09995386744579425,0.0975500840131884,0.10241016202316694
17-17,CO02,1286,122,0.09486780715396578,0.08003720779799556,0.11211156918991139
17-17,CO07,8,2,0.25,0.071479212752109,0.5907245696898311
17-17,CO08,3,1,0.3333333333333333,0.06149194472039626,0.7923403991979523
17-17,CO09,13,1,0.07692307692307693,0.013710421242556586,0.333139509210996
17-17,CO10,1,0,0.0,0.0,0.7934506856227627
17-17,CO20,6,2,0.3333333333333333,0.09677141110578041,0.700006684861608
17-17,CO21,1,0,0.0,0.0,0.7934506856227627
18-18,0,39578,4061,0.10260750922229521,0.09965644947052302,0.10563570368193911
18-18,CO01,62524,6390,0.10220075491011452,0.0998508095916695,0.10459957859644381
18-18,CO02,1582,151,0.09544879898862199,0.08193387578254845,0.11092364923646077
18-18,CO03,4,1,0.25,0.0455872608097006,0.6993581574175982
18-18,CO04,16,3,0.1875,0.06591599071428139,0.43008880961974144
18-18,CO07,8,0,0.0,0.0,0.32440756488388034
18-18,CO09,10,0,0.0,0.0,0.27753279986288926
18-18,CO20,13,2,0.15384615384615385,0.04325817835808121,0.42234631019482544
19-19,0,33572,3362,0.10014297628976528,0.09697746266586521,0.10339998631250508
19-19,CO01,63774,6301,0.09880201963182488,0.09651023100755456,0.1011421380673675
19-19,CO02,1690,164,0.0970414201183432,0.08382877920226457,0.11208179855141294
19-19,CO03,19,3,0.15789473684210525,0.05520471638534141,0.37565475270329085
19-19,CO04,73,8,0.1095890410958904,0.056586717846806245,0.20162621987205231
19-19,CO07,72,8,0.1111111111111111,0.05738819634949345,0.2042293823366404
19-19,CO08,3,0,0.0,0.0,0.5614970317550455
19-19,CO09,10,1,0.1,0.017876213095072924,0.40415002679523854
19-19,CO11,1,0,0.0,0.0,0.7934506856227627
19-19,CO15,1,0,0.0,0.0,0.7934506856227627
19-19,CO20,6,0,0.0,0.0,0.39033428790216546
19-19,CO21,1,0,0.0,0.0,0.7934506856227627
2-2,0,112170,11110,0.09904609075510386,0.09731164366745083,0.10080799964510458
2-2,CO01,1,0,0.0,0.0,0.7934506856227627
2-2,CO16,21,3,0.14285714285714285,0.04981012499725268,0.34636060280620945
2-2,CO23,5,0,0.0,0.0,0.43448246478317487
20-20,0,26537,2666,0.10046350378716509,0.09690423762650817,0.10413842588887028
20-20,CO01,62234,6218,0.09991323070990134,0.09758179970395375,0.10229405021689289
20-20,CO02,2361,240,0.10165184243964422,0.0901023115493428,0.11449553031274025
20-20,CO03,90,11,0.12222222222222222,0.06963615965482384,0.20573742410488977
20-20,CO04,4569,432,0.09455022980958634,0.08640355253003577,0.10337811093583578
20-20,CO07,110,10,0.09090909090909091,0.05013032897110753,0.1592965271819359
20-20,CO08,3,0,0.0,0.0,0.5614970317550455
20-20,CO09,6,1,0.16666666666666666,0.030053369748306635,0.5635028221864703
20-20,CO15,1,0,0.0,0.0,0.7934506856227627
20-20,CO20,10,1,0.1,0.017876213095072924,0.40415002679523854
21-21,0,24982,2388,0.09558882395324633,0.09200471398968957,0.09929728665328968
21-21,CO01,59921,5985,0.09988151065569667,0.09750632781045888,0.10230799238342782
21-21,CO02,3597,401,0.11148179038087296,0.10160819924339784,0.12218434148251736
21-21,CO03,188,31,0.16489361702127658,0.11866590219385542,0.22454176118319008
21-21,CO04,6640,667,0.10045180722891567,0.09345094463147567,0.10791470611633223
21-21,CO07,80,5,0.0625,0.026989375670841982,0.13810148767274427
21-21,CO08,1,0,0.0,0.0,0.7934506856227627
21-21,CO09,9,1,0.1111111111111111,0.019890887638544935,0.4349997055766561
21-21,CO13,1,0,0.0,0.0,0.7934506856227627
21-21,CO14,2,0,0.0,0.0,0.657619772493347
21-21,CO20,7,0,0.0,2.7755575615628914e-17,0.3543304350666875
22-22,0,25603,2510,0.0980353864781471,0.09445305189177734,0.10173832403015036
22-22,CO01,58042,5840,0.10061679473484718,0.09819587915293758,0.10309057247184468
22-22,CO02,4004,414,0.10339660339660339,0.09434267407722308,0.1132108101031275
22-22,CO03,301,28,0.09302325581395349,0.06514436206196085,0.1311591822531597
22-22,CO04,6996,695,0.09934248141795311,0.09255160031978515,0.10657311800712438
22-22,CO07,78,3,0.038461538461538464,0.013165825413161053,0.10708446047501832
22-22,CO08,1,0,0.0,0.0,0.7934506856227627
22-22,CO09,10,0,0.0,0.0,0.27753279986288926
22-22,CO10,1,0,0.0,0.0,0.7934506856227627
22-22,CO12,6,1,0.16666666666666666,0.030053369748306635,0.5635028221864703
22-22,CO20,5,0,0.0,0.0,0.43448246478317487
23-23,0,25954,2570,0.09902134545734761,0.09544661494116624,0.10271475633390076
23-23,CO01,57146,5627,0.09846708431036293,0.09605118705604562,0.1009369614925821
23-23,CO02,4412,444,0.10063463281958296,0.09210199354757588,0.10986210936178707
23-23,CO03,410,42,0.1024390243902439,0.07668288188100117,0.13557583929935635
23-23,CO04,6969,658,0.09441813746592051,0.08777461508697379,0.10150854395446479
23-23,CO05,1,0,0.0,0.0,0.7934506856227627
23-23,CO07,93,10,0.10752688172043011,0.0594630702319099,0.18672755009773168
23-23,CO08,3,1,0.3333333333333333,0.06149194472039626,0.7923403991979523
23-23,CO09,7,1,0.14285714285714285,0.02567962434474355,0.5131278292743189
23-23,CO10,1,0,0.0,0.0,0.7934506856227627
23-23,CO12,1,0,0.0,0.0,0.7934506856227627
23-23,CO14,1,0,0.0,0.0,0.7934506856227627
23-23,CO15,1,0,0.0,0.0,0.7934506856227627
23-23,CO20,6,0,0.0,0.0,0.39033428790216546
24-24,0,26874,2715,0.10102701495869613,0.09748076268158559,0.10468731198117462
24-24,CO01,54928,5287,0.09625327701718614,0.09381492935771217,0.09874809379799811
24-24,CO02,4319,435,0.10071775874044918,0.09209407617872338,0.11005107930405138
24-24,CO03,453,48,0.10596026490066225,0.08085603110613572,0.13769125021642253
24-24,CO04,6735,652,0.09680772086117298,0.08997388633994909,0.10410123277549128
24-24,CO07,106,12,0.11320754716981132,0.06595682056427882,0.18751267191708648
24-24,CO08,6,0,0.0,0.0,0.39033428790216546
24-24,CO09,10,2,0.2,0.056682151454375246,0.5098375284633583
24-24,CO10,1,0,0.0,0.0,0.7934506856227627
24-24,CO12,4,0,0.0,0.0,0.4898908364545974
24-24,CO14,3,0,0.0,0.0,0.5614970317550455
24-24,CO20,8,2,0.25,0.071479212752109,0.5907245696898311
25-25,0,28067,2761,0.09837175330459258,0.09494235278157298,0.101911078453361
25-25,CO01,55158,5567,0.100928242503354,0.09844207133391886,0.10346999621616995
25-25,CO02,4312,428,0.09925788497217068,0.0906867678027421,0.10854238994663598
25-25,CO03,505,45,0.0891089108910891,0.06726300160838541,0.11715880049512997
25-25,CO04,6792,669,0.09849823321554771,0.09163681321919624,0.1058135638903293
25-25,CO07,97,10,0.10309278350515463,0.056967493385810426,0.1794576743925192
25-25,CO08,4,0,0.0,0.0,0.4898908364545974
25-25,CO09,7,0,0.0,2.7755575615628914e-17,0.3543304350666875
25-25,CO11,1,0,0.0,0.0,0.7934506856227627
25-25,CO12,1,0,0.0,0.0,0.7934506856227627
25-25,CO14,4,1,0.25,0.0455872608097006,0.6993581574175982
25-25,CO20,18,0,0.0,1.3877787807814457e-17,0.1758792236466577
26-26,0,29055,2945,0.10135949062123559,0.0979417517657006,0.10488262673448366
26-26,CO01,55015,5447,0.09900936108334091,0.09654151152786081,0.10153320560294743
26-26,CO02,4524,490,0.10831122900088418,0.09958541556316441,0.11770166654172493
26-26,CO03,542,46,0.08487084870848709,0.06423105759018899,0.11135373405931728
26-26,CO04,6697,664,0.09914887262953562,0.09221925564334904,0.10653808953566818
26-26,CO05,1,0,0.0,0.0,0.7934506856227627
26-26,CO07,102,14,0.13725490196078433,0.08355366620734477,0.21728741417342262
26-26,CO08,8,2,0.25,0.071479212752109,0.5907245696898311
26-26,CO09,10,1,0.1,0.017876213095072924,0.40415002679523854
26-26,CO14,9,3,0.3333333333333333,0.1205838183869109,0.6457978644196039
26-26,CO20,10,0,0.0,0.0,0.27753279986288926
27-27,0,30872,3075,0.09960481990152889,0.0963138874475104,0.10299538375172512
27-27,CO01,54176,5295,0.09773700531600708,0.0952648728106748,0.10026618031860626
27-27,CO02,4509,443,0.09824794854734975,0.08989902924698741,0.10728083336073417
27-27,CO03,653,53,0.08116385911179173,0.06258599432989931,0.10464075018453137
27-27,CO04,6798,644,0.09473374521918211,0.08799940670258483,0.10192584613397188
27-27,CO05,1,0,0.0,0.0,0.7934506856227627
27-27,CO07,107,13,0.12149532710280374,0.07239434166761743,0.19683216561760358
27-27,CO08,3,0,0.0,0.0,0.5614970317550455
27-27,CO09,9,1,0.1111111111111111,0.019890887638544935,0.4349997055766561
27-27,CO11,1,0,0.0,0.0,0.7934506856227627
27-27,CO12,2,0,0.0,0.0,0.657619772493347
27-27,CO14,1,0,0.0,0.0,0.7934506856227627
27-27,CO15,1,0,0.0,0.0,0.7934506856227627
27-27,CO20,17,4,0.23529411764705882,0.09555044322080111,0.4726179811956498
27-27,CO21,1,0,0.0,0.0,0.7934506856227627
28-28,0,34018,3425,0.10068199188664824,0.09752932660309663,0.1039248323999202
28-28,CO01,56923,5537,0.09727175306993659,0.0948645487126281,0.09973331013457494
28-28,CO02,4723,488,0.10332415837391488,0.09496331397203774,0.11232975209689618
28-28,CO03,678,69,0.10176991150442478,0.08120894364259104,0.12681809400047286
28-28,CO04,6928,735,0.10609122401847575,0.0990566985474687,0.11356233891554866
28-28,CO07,127,10,0.07874015748031496,0.043330363977511756,0.13888603008888728
28-28,CO08,4,0,0.0,0.0,0.4898908364545974
28-28,CO09,6,0,0.0,0.0,0.39033428790216546
28-28,CO10,1,0,0.0,0.0,0.7934506856227627
28-28,CO12,3,0,0.0,0.0,0.5614970317550455
28-28,CO14,3,0,0.0,0.0,0.5614970317550455
28-28,CO15,1,0,0.0,0.0,0.7934506856227627
28-28,CO20,19,1,0.05263157894736842,0.00935199406230039,0.24638731166898795
28-28,CO21,1,0,0.0,0.0,0.7934506856227627
29-29,0,39238,3939,0.1003873795810184,0.09745292740985326,0.10340006943769989
29-29,CO01,61683,6207,0.10062740139098293,0.09827814658802932,0.10302639689569364
29-29,CO02,5362,544,0.10145468108914583,0.09365638325763637,0.10982362396953563
29-29,CO03,753,80,0.10624169986719788,0.08619602242824642,0.13028453226545514
29-29,CO04,7366,757,0.10276948140103177,0.09604073138042757,0.10991233657926988
29-29,CO07,118,11,0.09322033898305085,0.05285160077223934,0.15923925131385774
29-29,CO08,9,1,0.1111111111111111,0.019890887638544935,0.4349997055766561
29-29,CO09,15,2,0.13333333333333333,0.03736125910306534,0.3788198283232237
29-29,CO11,2,0,0.0,0.0,0.657619772493347
29-29,CO12,3,0,0.0,0.0,0.5614970317550455
29-29,CO14,8,0,0.0,0.0,0.32440756488388034
29-29,CO15,1,0,0.0,0.0,0.7934506856227627
29-29,CO16,1,0,0.0,0.0,0.7934506856227627
29-29,CO20,18,3,0.16666666666666666,0.05836576805861449,0.3922203810391574
3-3,0,110598,11175,0.10104161015569901,0.09927923342624036,0.10283170038803506
3-3,CO16,26,1,0.038461538461538464,0.006821984993543487,0.18892778903034763
3-3,CO23,7,1,0.14285714285714285,0.02567962434474355,0.5131278292743189
30-30,0,45287,4541,0.10027160112173471,0.09753907181595804,0.10307193840520808
30-30,CO01,68514,6827,0.09964386840645707,0.09742346323047177,0.10190916558605442
30-30,CO02,5958,603,0.10120845921450151,0.0938052143983134,0.10912561950212575
30-30,CO03,827,101,0.12212817412333736,0.10154237223664411,0.14620821439497136
30-30,CO04,8046,805,0.10004971414367388,0.09368281243944301,0.10679833580134762
30-30,CO07,154,13,0.08441558441558442,0.04999525563471404,0.13906444416566377
30-30,CO08,4,0,0.0,0.0,0.4898908364545974
30-30,CO09,17,0,0.0,0.0,0.18431813500885186
30-30,CO11,1,0,0.0,0.0,0.7934506856227627
30-30,CO14,6,1,0.16666666666666666,0.030053369748306635,0.5635028221864703
30-30,CO20,20,1,0.05,0.008881448800795402,0.2361311934467421
31-31,0,46727,4718,0.10096946091125046,0.09827039397846392,0.103734131601053
31-31,CO01,68680,6961,0.10135410599883518,0.09911927007378564,0.10363353412354386
31-31,CO02,6097,657,0.10775791372806298,0.10022026539844317,0.11578952074594809
31-31,CO03,815,69,0.08466257668711656,0.06744466793785218,0.10577745863226067
31-31,CO04,7887,802,0.10168631925954101,0.09520885518574321,0.1085516014412728
31-31,CO07,164,12,0.07317073170731707,0.04234929780136655,0.12353021144692529
31-31,CO08,7,0,0.0,2.7755575615628914e-17,0.3543304350666875
31-31,CO09,18,2,0.1111111111111111,0.031019522645612363,0.3279976513017881
31-31,CO12,5,1,0.2,0.036224108632430196,0.6244653702374748
31-31,CO14,6,0,0.0,0.0,0.39033428790216546
31-31,CO15,1,0,0.0,0.0,0.7934506856227627
31-31,CO19,2,1,0.5,0.09453120573423068,0.9054687942657693
31-31,CO20,18,2,0.1111111111111111,0.031019522645612363,0.3279976513017881
32-32,0,49840,4977,0.09985955056179775,0.09725816991948771,0.10252260875599878
32-32,CO01,73485,7332,0.09977546438048582,0.09762945493344166,0.1019633154470764
32-32,CO02,6154,627,0.10188495287617809,0.09457387438588112,0.10969274521325141
32-32,CO03,936,80,0.08547008547008547,0.06921008031629797,0.10511874640547819
32-32,CO04,8040,812,0.1009950248756219,0.09459794668458765,0.10777320485466108
32-32,CO07,168,16,0.09523809523809523,0.059474309403575225,0.1490985173558418
32-32,CO08,4,0,0.0,0.0,0.4898908364545974
32-32,CO09,10,0,0.0,0.0,0.27753279986288926
32-32,CO11,1,0,0.0,0.0,0.7934506856227627
32-32,CO12,3,0,0.0,0.0,0.5614970317550455
32-32,CO13,1,0,0.0,0.0,0.7934506856227627
32-32,CO14,2,2,1.0,0.342380227506653,1.0
32-32,CO20,24,2,0.08333333333333333,0.023158815297043348,0.2584880219321069
32-32,CO21,1,0,0.0,0.0,0.7934506856227627
32-32,CO22,1,0,0.0,0.0,0.7934506856227627
33-33,0,50421,5136,0.10186231927173202,0.0992524751124366,0.10453282517873899
33-33,CO01,75459,7678,0.10175061954173789,0.09961380540829398,0.10392797968606143
33-33,CO02,6106,613,0.1003930560104815,0.09310462719002048,0.1081839769594684
33-33,CO03,968,125,0.12913223140495866,0.10946372711561458,0.15173264037494766
33-33,CO04,7577,729,0.0962122211957239,0.08977567334687676,0.10305799383393034
33-33,CO07,131,8,0.061068702290076333,0.03126622393054585,0.11588035097471658
33-33,CO08,12,0,0.0,0.0,0.24249400665524096
33-33,CO09,9,2,0.2222222222222222,0.06322510711784671,0.5474110308930111
33-33,CO11,2,0,0.0,0.0,0.657619772493347
33-33,CO14,6,0,0.0,0.0,0.39033428790216546
33-33,CO20,19,2,0.10526315789473684,0.029358560298870157,0.31394082711109017
34-34,0,50657,5094,0.1005586592178771,0.09796993801874426,0.10320795728141693
34-34,CO01,74459,7631,0.1024859318551149,0.10032797566191747,0.10468490270457599
34-34,CO02,5879,574,0.09763565232182345,0.09030894720920409,0.10548784025880266
34-34,CO03,1031,89,0.0863239573229874,0.07067990038609775,0.10503924699703934
34-34,CO04,7495,725,0.09673115410273515,0.0902442938489378,0.10363118235686701
34-34,CO07,179,16,0.0893854748603352,0.05576870080005942,0.14025609057858804
34-34,CO08,4,0,0.0,0.0,0.4898908364545974
34-34,CO09,11,2,0.18181818181818182,0.051367689746085105,0.47698056196084426
34-34,CO11,3,0,0.0,0.0,0.5614970317550455
34-34,CO12,5,1,0.2,0.036224108632430196,0.6244653702374748
34-34,CO14,3,0,0.0,0.0,0.5614970317550455
34-34,CO15,1,1,1.0,0.2065493143772374,1.0
34-34,CO20,21,4,0.19047619047619047,0.07667565052761788,0.4000056469020493
35-35,0,52760,5404,0.10242608036391206,0.0998677216586681,0.10504232961685829
35-35,CO01,77236,7828,0.10135170127919622,0.09924311107184178,0.10349994436502769
35-35,CO02,6099,604,0.09903262829972126,0.09178656225482865,0.1067834754886832
35-35,CO03,1071,98,0.0915032679738562,0.07566473761398085,0.11026171431127174
35-35,CO04,7632,759,0.0994496855345912,0.09293580986382972,0.10636658097650246
35-35,CO07,159,14,0.0880503144654088,0.053173773270626994,0.14236278757383813
35-35,CO08,3,0,0.0,0.0,0.5614970317550455
35-35,CO09,11,1,0.09090909090909091,0.016232172885884855,0.3773584364515957
35-35,CO12,5,0,0.0,0.0,0.43448246478317487
35-35,CO14,5,1,0.2,0.036224108632430196,0.6244653702374748
35-35,CO20,23,3,0.13043478260869565,0.04537659093631238,0.32127482270095964
36-36,0,51877,5297,0.10210690672166856,0.09953074140241792,0.10474199513815076
36-36,CO01,76736,7677,0.10004430775646372,0.09794126177272142,0.10218739586936992
36-36,CO02,6330,665,0.10505529225908374,0.0977397298395919,0.1128499206107122
36-36,CO03,1134,123,0.10846560846560846,0.09167066934184075,0.12790426078914618
36-36,CO04,7431,703,0.09460368725608935,0.08815734063554394,0.10146895692969314
36-36,CO07,130,12,0.09230769230769231,0.053593424925942615,0.1544247711249015
36-36,CO08,7,0,0.0,2.7755575615628914e-17,0.3543304350666875
36-36,CO09,10,0,0.0,0.0,0.27753279986288926
36-36,CO11,2,0,0.0,0.0,0.657619772493347
36-36,CO12,6,1,0.16666666666666666,0.030053369748306635,0.5635028221864703
36-36,CO14,4,0,0.0,0.0,0.4898908364545974
36-36,CO20,23,3,0.13043478260869565,0.04537659093631238,0.32127482270095964
37-37,0,52074,5389,0.10348734493221186,0.10090039538396622,0.10613279103076215
37-37,CO01,78214,7768,0.0993172577799371,0.09724083333984856,0.10143303912954124
37-37,CO02,6465,595,0.0920340293890178,0.08522773402087529,0.09932485803450926
37-37,CO03,1303,131,0.10053722179585571,0.0853653061388491,0.11805757811873474
37-37,CO04,7603,743,0.09772458240168355,0.09125169759361516,0.10460376579232315
37-37,CO05,1,0,0.0,0.0,0.7934506856227627
37-37,CO07,143,12,0.08391608391608392,0.048653962460813535,0.1409482046947914
37-37,CO08,4,1,0.25,0.0455872608097006,0.6993581574175982
37-37,CO09,7,0,0.0,2.7755575615628914e-17,0.3543304350666875
37-37,CO11,1,0,0.0,0.0,0.7934506856227627
37-37,CO12,6,0,0.0,0.0,0.39033428790216546
37-37,CO13,1,0,0.0,0.0,0.7934506856227627
37-37,CO14,4,1,0.25,0.0455872608097006,0.6993581574175982
37-37,CO20,27,4,0.14814814814814814,0.05915927776244331,0.3247868542781298
37-37,CO22,1,0,0.0,0.0,0.7934506856227627
38-38,0,53146,5382,0.10126820456854702,0.09873208971210388,0.10386195691667817
38-38,CO01,80036,8014,0.10012994152631316,0.0980695064563712,0.10222875958990572
38-38,CO02,6426,655,0.10192966075319017,0.09476840207016768,0.10956656749868818
38-38,CO03,1297,131,0.10100231303006939,0.08576325681352673,0.11859789497640658
38-38,CO04,7798,768,0.09848679148499616,0.09206965897065479,0.10529931692410184
38-38,CO05,1,0,0.0,0.0,0.7934506856227627
38-38,CO07,136,16,0.11764705882352941,0.0737271184624134,0.18257354603973788
38-38,CO08,7,2,0.2857142857142857,0.08221892400405661,0.6410655481673807
38-38,CO09,19,2,0.10526315789473684,0.029358560298870157,0.31394082711109017
38-38,CO10,1,0,0.0,0.0,0.7934506856227627
38-38,CO11,1,0,0.0,0.0,0.7934506856227627
38-38,CO12,10,4,0.4,0.1681803297062361,0.6873262302663417
38-38,CO14,3,0,0.0,0.0,0.5614970317550455
38-38,CO15,1,0,0.0,0.0,0.7934506856227627
38-38,CO20,23,1,0.043478260869565216,0.007716666143453163,0.20991155070258882
39-39,0,52328,5056,0.09662131172603577,0.0941194905471991,0.09918235354672082
39-39,CO01,80972,7925,0.09787333893197649,0.0958457109648655,0.09993912032809463
39-39,CO02,6668,652,0.09778044391121776,0.09088125925920085,0.10514280199777429
39-39,CO03,1442,126,0.08737864077669903,0.07387792130113144,0.10307194914273601
39-39,CO04,7489,712,0.09507277340098812,0.08863572784167444,0.10192501826083601
39-39,CO07,123,11,0.08943089430894309,0.0506709303662006,0.15305945133198043
39-39,CO08,5,0,0.0,0.0,0.43448246478317487
39-39,CO09,13,0,0.0,0.0,0.22809537235419847
39-39,CO10,1,0,0.0,0.0,0.7934506856227627
39-39,CO11,1,0,0.0,0.0,0.7934506856227627
39-39,CO12,4,0,0.0,0.0,0.4898908364545974
39-39,CO14,1,1,1.0,0.2065493143772374,1.0
39-39,CO20,26,1,0.038461538461538464,0.006821984993543487,0.18892778903034763
4-4,0,112021,11270,0.10060613634943448,0.09885829714975207,0.10238136688590387
4-4,CO01,2,0,0.0,0.0,0.657619772493347
4-4,CO16,22,2,0.09090909090909091,0.025295428990995267,0.27814946841605825
4-4,CO23,6,0,0.0,0.0,0.39033428790216546
40-40,0,50985,5046,0.09897028537805237,0.09640833753688446,0.10159265973963216
40-40,CO01,81930,8100,0.09886488465763457,0.09683983341175215,0.10092755025186648
40-40,CO02,6706,663,0.09886668654935879,0.09195078610198221,0.10624189355850325
40-40,CO03,1648,171,0.10376213592233009,0.08994875495642625,0.11941846789291556
40-40,CO04,7711,758,0.09830112825833225,0.09185467198315175,0.10514762118555582
40-40,CO07,119,10,0.08403361344537816,0.04628480919483177,0.14779835335938685
40-40,CO08,5,0,0.0,0.0,0.43448246478317487
40-40,CO09,4,0,0.0,0.0,0.4898908364545974
40-40,CO11,1,0,0.0,0.0,0.7934506856227627
40-40,CO12,7,2,0.2857142857142857,0.08221892400405661,0.6410655481673807
40-40,CO13,1,0,0.0,0.0,0.7934506856227627
40-40,CO14,5,0,0.0,0.0,0.43448246478317487
40-40,CO20,25,1,0.04,0.007096233501987265,0.1954406373619374
40-40,CO22,1,0,0.0,0.0,0.7934506856227627
41-41,0,50842,5036,0.09905196491090043,0.09648549978857456,0.10167901415660167
41-41,CO01,84807,8464,0.09980308229273527,0.09780386166554277,0.10183855630341264
41-41,CO02,7010,645,0.0920114122681883,0.08546674728070598,0.09900298537821277
41-41,CO03,1725,158,0.09159420289855072,0.07887438308485746,0.10612896536495912
41-41,CO04,7515,787,0.10472388556220892,0.09800180864900183,0.11184986430649808
41-41,CO07,114,11,0.09649122807017543,0.05473614904521379,0.16455389606543033
41-41,CO08,5,1,0.2,0.036224108632430196,0.6244653702374748
41-41,CO09,10,1,0.1,0.017876213095072924,0.40415002679523854
41-41,CO10,1,0,0.0,0.0,0.7934506856227627
41-41,CO12,5,1,0.2,0.036224108632430196,0.6244653702374748
41-41,CO14,1,1,1.0,0.2065493143772374,1.0
41-41,CO20,16,1,0.0625,0.011119344764642547,0.28328737570298945
42-42,0,48423,4856,0.10028292340416745,0.09763914920073183,0.10299011271556446
42-42,CO01,87476,8788,0.10046184096209246,0.0984872390476811,0.102471532317903
42-42,CO02,7231,733,0.10136910524132209,0.09462286627456662,0.1085386635511725
42-42,CO03,1806,181,0.10022148394241417,0.0872091308146894,0.11493092793889839
42-42,CO04,7624,757,0.09929171038824763,0.09277934494863135,0.1062076773977089
42-42,CO07,89,3,0.033707865168539325,0.011529221151789795,0.09447362440561424
42-42,CO08,2,0,0.0,0.0,0.657619772493347
42-42,CO09,10,2,0.2,0.056682151454375246,0.5098375284633583
42-42,CO10,1,0,0.0,0.0,0.7934506856227627
42-42,CO11,1,0,0.0,0.0,0.7934506856227627
42-42,CO12,2,1,0.5,0.09453120573423068,0.9054687942657693
42-42,CO14,3,0,0.0,0.0,0.5614970317550455
42-42,CO20,14,3,0.21428571428571427,0.07571386712693182,0.47589230586600295
43-43,0,48933,4847,0.0990538082684487,0.09643833122451331,0.1017322325005939
43-43,CO01,94407,9544,0.10109419852341457,0.09918745805198582,0.10303340094912801
43-43,CO02,7622,768,0.10076095512988717,0.09420310274239227,0.10772103469683855
43-43,CO03,2162,229,0.1059204440333025,0.09364034066627251,0.11959847094654423
43-43,CO04,7616,725,0.09519432773109243,0.08880565783827556,0.10199115423157847
43-43,CO05,1,0,0.0,0.0,0.7934506856227627
43-43,CO07,106,8,0.07547169811320754,0.0387368379201063,0.14190040992529465
43-43,CO08,3,1,0.3333333333333333,0.06149194472039626,0.7923403991979523
43-43,CO09,7,1,0.14285714285714285,0.02567962434474355,0.5131278292743189
43-43,CO11,3,0,0.0,0.0,0.5614970317550455
43-43,CO12,2,0,0.0,0.0,0.657619772493347
43-43,CO20,29,3,0.10344827586206896,0.035814891350677044,0.26385081090773804
43-43,CO21,1,0,0.0,0.0,0.7934506856227627
44-44,0,51999,5160,0.09923267755149137,0.09669249581389722,0.10183206879082343
44-44,CO01,104997,10418,0.09922188252997705,0.0974282111130102,0.10104487890497485
44-44,CO02,8603,849,0.09868650470766012,0.09256231494812941,0.10516892791989937
44-44,CO03,2539,251,0.09885781803859787,0.08784713274308639,0.11108051060880808
44-44,CO04,8584,900,0.1048462255358807,0.09854122468323463,0.11150474175317913
44-44,CO05,1,1,1.0,0.2065493143772374,1.0
44-44,CO07,120,14,0.11666666666666667,0.07078117807830049,0.18633351617603888
44-44,CO08,2,0,0.0,0.0,0.657619772493347
44-44,CO09,10,0,0.0,0.0,0.27753279986288926
44-44,CO12,4,0,0.0,0.0,0.4898908364545974
44-44,CO14,1,0,0.0,0.0,0.7934506856227627
44-44,CO20,16,1,0.0625,0.011119344764642547,0.28328737570298945
45-45,0,51913,5204,0.10024464007088783,0.09769067876593061,0.10285775920249125
45-45,CO01,109563,10960,0.10003377052472094,0.09827111653239243,0.10182447048022117
45-45,CO02,8953,872,0.09739752038422875,0.09142741718999037,0.10371296425545995
45-45,CO03,2764,287,0.10383502170767005,0.09300724311292283,0.11576246693647341
45-45,CO04,8811,849,0.09635682669390534,0.09037022310175184,0.10269524118039049
45-45,CO07,100,7,0.07,0.03431926106727266,0.13749514739073504
45-45,CO08,4,0,0.0,0.0,0.4898908364545974
45-45,CO09,16,3,0.1875,0.06591599071428139,0.43008880961974144
45-45,CO10,1,1,1.0,0.2065493143772374,1.0
45-45,CO12,6,0,0.0,0.0,0.39033428790216546
45-45,CO14,2,0,0.0,0.0,0.657619772493347
45-45,CO20,17,3,0.17647058823529413,0.061911266376209945,0.4102945856883413
46-46,0,50798,5176,0.10189377534548605,0.0992931596457745,0.10455459786543704
46-46,CO01,112321,11113,0.09893964619260869,0.0972071955844854,0.10069952896647116
46-46,CO02,9121,911,0.09987939918868545,0.09389343498486381,0.10620225621815553
46-46,CO03,2945,303,0.10288624787775891,0.0924259640778819,0.11438117266950465
46-46,CO04,9031,912,0.1009854944081497,0.09493984238276076,0.10737045461046171
46-46,CO07,97,9,0.09278350515463918,0.0495832184814481,0.16700883677164335
46-46,CO08,6,0,0.0,0.0,0.39033428790216546
46-46,CO09,13,0,0.0,0.0,0.22809537235419847
46-46,CO10,1,0,0.0,0.0,0.7934506856227627
46-46,CO12,5,0,0.0,0.0,0.43448246478317487
46-46,CO14,2,1,0.5,0.09453120573423068,0.9054687942657693
46-46,CO20,19,3,0.15789473684210525,0.05520471638534141,0.37565475270329085
47-47,0,50916,5190,0.10193259486212586,0.09933451320606285,0.10459073795989365
47-47,CO01,116142,11496,0.09898228031203182,0.09727801267958758,0.10071307481857161
47-47,CO02,9242,887,0.09597489720839646,0.09013637019355099,0.10214915262650585
47-47,CO03,3234,338,0.10451453308596166,0.09443579792567776,0.11553169661258479
47-47,CO04,9175,899,0.09798365122615804,0.09206768874658887,0.10423611134673975
47-47,CO07,117,17,0.1452991452991453,0.09273939280804754,0.22041024300397705
47-47,CO08,5,0,0.0,0.0,0.43448246478317487
47-47,CO09,10,1,0.1,0.017876213095072924,0.40415002679523854
47-47,CO11,1,0,0.0,0.0,0.7934506856227627
47-47,CO12,3,0,0.0,0.0,0.5614970317550455
47-47,CO20,21,4,0.19047619047619047,0.07667565052761788,0.4000056469020493
47-47,CO21,2,0,0.0,0.0,0.657619772493347
48-48,0,50211,5065,0.1008743104100695,0.09827056507123685,0.10353912235217316
48-48,CO01,119730,11982,0.10007516913054372,0.09838811994900805,0.10178788014252664
48-48,CO02,9254,890,0.09617462718824292,0.09033412467248593,0.10235025718426795
48-48,CO03,3342,318,0.09515260323159784,0.08566411097103219,0.10557072985917812
48-48,CO04,9110,950,0.10428100987925357,0.09817099047379131,0.11072461819165126
48-48,CO07,124,15,0.12096774193548387,0.07469498060109575,0.19001929231845027
48-48,CO08,11,0,0.0,0.0,0.2588329669680318
48-48,CO09,14,2,0.14285714285714285,0.04009392127146488,0.39941379496970353
48-48,CO10,1,0,0.0,0.0,0.7934506856227627
48-48,CO12,3,0,0.0,0.0,0.5614970317550455
48-48,CO14,2,0,0.0,0.0,0.657619772493347
48-48,CO20,18,2,0.1111111111111111,0.031019522645612363,0.3279976513017881
49-49,0,49668,4983,0.10032616574051703,0.09771483480096717,0.10299931563144558
49-49,CO01,120887,12027,0.09948960599568192,0.09781501461839955,0.10118965081786153
49-49,CO02,9745,963,0.09881990764494612,0.09305209147046936,0.10490388791153044
49-49,CO03,3539,332,0.09381181124611472,0.0846412782384094,0.1038631938310234
49-49,CO04,9215,939,0.10189907759088443,0.09588744345951333,0.10824248623139446
49-49,CO07,143,14,0.0979020979020979,0.059216706501884465,0.1576257239426077
49-49,CO08,4,0,0.0,0.0,0.4898908364545974
49-49,CO09,12,1,0.08333333333333333,0.014865094404917095,0.35387991114111705
49-49,CO11,2,0,0.0,0.0,0.657619772493347
49-49,CO12,3,0,0.0,0.0,0.5614970317550455
49-49,CO14,2,0,0.0,0.0,0.657619772493347
49-49,CO20,11,0,0.0,0.0,0.2588329669680318
5-5,0,114447,11482,0.10032591505238232,0.09859872306633878,0.10207993657535992
5-5,CO01,13,2,0.15384615384615385,0.04325817835808121,0.42234631019482544
5-5,CO09,3,0,0.0,0.0,0.5614970317550455
5-5,CO16,16,1,0.0625,0.011119344764642547,0.28328737570298945
5-5,CO21,26,3,0.11538461538461539,0.040032446236106134,0.28975903211713644
50-50,0,46100,4562,0.0989587852494577,0.09626628974825184,0.1017181117679115
50-50,CO01,113060,11514,0.10183973111622148,0.10009033111515228,0.10361618691616004
50-50,CO02,9002,924,0.1026438569206843,0.09654297424075743,0.10908372563934364
50-50,CO03,3610,337,0.09335180055401662,0.08428906498553446,0.10327905789551034
50-50,CO04,8867,878,0.09901883387842562,0.09297445990398069,0.10541049230039008
50-50,CO07,118,8,0.06779661016949153,0.03475117502516531,0.12809535531631286
50-50,CO08,3,0,0.0,0.0,0.5614970317550455
50-50,CO09,16,2,0.125,0.03497748774324044,0.36022827265758695
50-50,CO12,4,0,0.0,0.0,0.4898908364545974
50-50,CO14,1,0,0.0,0.0,0.7934506856227627
50-50,CO15,1,1,1.0,0.2065493143772374,1.0
50-50,CO20,19,4,0.21052631578947367,0.0850767663291625,0.4333427844381418
51-51,0,41234,4071,0.09872920405490615,0.0958872820727975,0.10164588578117402
51-51,CO01,102396,10240,0.10000390640259385,0.09818135114956197,0.10185647280603577
51-51,CO02,8610,861,0.1,0.09384052016699948,0.1065162506269891
51-51,CO03,3268,329,0.10067319461444309,0.09082117470583169,0.1114629112288361
51-51,CO04,8123,826,0.10168656900160039,0.09530112781780775,0.10844856598524782
51-51,CO05,1,0,0.0,0.0,0.7934506856227627
51-51,CO07,117,19,0.1623931623931624,0.10649805976106341,0.23975279842146602
51-51,CO08,6,1,0.16666666666666666,0.030053369748306635,0.5635028221864703
51-51,CO09,9,0,0.0,2.7755575615628914e-17,0.29914504841954415
51-51,CO10,1,0,0.0,0.0,0.7934506856227627
51-51,CO11,2,0,0.0,0.0,0.657619772493347
51-51,CO12,4,1,0.25,0.0455872608097006,0.6993581574175982
51-51,CO15,1,1,1.0,0.2065493143772374,1.0
51-51,CO20,16,1,0.0625,0.011119344764642547,0.28328737570298945
52-52,0,38215,3892,0.10184482533036765,0.09885240400533199,0.10491728553933377
52-52,CO01,96829,9544,0.09856551239814518,0.09670392903905987,0.1004589463986058
52-52,CO02,7964,762,0.09568056253139126,0.08941377152774971,0.10233721482368144
52-52,CO03,3458,369,0.10670908039329093,0.09685154283578273,0.11743945449758703
52-52,CO04,7562,795,0.10513091774662787,0.09841712518002624,0.11224568972240631
52-52,CO07,80,11,0.1375,0.07854714324339108,0.22967100066986612
52-52,CO08,3,1,0.3333333333333333,0.06149194472039626,0.7923403991979523
52-52,CO09,12,1,0.08333333333333333,0.014865094404917095,0.35387991114111705
52-52,CO10,1,0,0.0,0.0,0.7934506856227627
52-52,CO11,1,0,0.0,0.0,0.7934506856227627
52-52,CO12,1,0,0.0,0.0,0.7934506856227627
52-52,CO14,2,0,0.0,0.0,0.657619772493347
52-52,CO20,25,3,0.12,0.04166817150440355,0.2995579392092733
53-53,0,36333,3533,0.09723942421490106,0.09423534037385055,0.10032866615469448
53-53,CO01,92936,9432,0.10148919686666093,0.09956418217085751,0.10344715465373304
53-53,CO02,7617,753,0.09885781803859787,0.0923558312182143,0.10576421457714046
53-53,CO03,3526,367,0.10408394781622235,0.09443174286321734,0.11459788847529725
53-53,CO04,7300,714,0.09780821917808219,0.0912039215140682,0.10483558275138782
53-53,CO07,83,6,0.07228915662650602,0.03355029552299279,0.14886786091773185
53-53,CO08,1,0,0.0,0.0,0.7934506856227627
53-53,CO09,9,1,0.1111111111111111,0.019890887638544935,0.4349997055766561
53-53,CO11,2,0,0.0,0.0,0.657619772493347
53-53,CO12,3,0,0.0,0.0,0.5614970317550455
53-53,CO14,1,0,0.0,0.0,0.7934506856227627
53-53,CO20,23,2,0.08695652173913043,0.024180004484220335,0.2679598107574366
54-54,0,35072,3563,0.10159101277372262,0.09847273175320591,0.10479656022347218
54-54,CO01,88483,8613,0.09734073211803397,0.09540506371584652,0.0993113616279034
54-54,CO02,7683,771,0.10035142522452167,0.09383122526677867,0.10727106975282685
54-54,CO03,3607,325,0.09010257831993346,0.08118930053338584,0.09988800963858709
54-54,CO04,6783,666,0.09818664307828394,0.09133098555677843,0.10549716593695257
54-54,CO05,1,0,0.0,0.0,0.7934506856227627
54-54,CO07,68,7,0.10294117647058823,0.050765771789929096,0.1975791130936564
54-54,CO08,5,0,0.0,0.0,0.43448246478317487
54-54,CO09,9,1,0.1111111111111111,0.019890887638544935,0.4349997055766561
54-54,CO12,3,0,0.0,0.0,0.5614970317550455
54-54,CO14,1,0,0.0,0.0,0.7934506856227627
54-54,CO20,20,3,0.15,0.052368745896216595,0.36041886474075696
55-55,0,33187,3314,0.09985837828065207,0.09667893493305592,0.10313044522528404
55-55,CO01,83810,8458,0.10091874477985921,0.09889767980350611,0.1029763921197302
55-55,CO02,7438,708,0.09518687819306265,0.08872487079956554,0.10206681250588556
55-55,CO03,3579,341,0.09527801061749092,0.08608851010336398,0.10533538255373436
55-55,CO04,6483,587,0.09054450100262225,0.08379958933522544,0.09777436561616093
55-55,CO07,63,4,0.06349206349206349,0.024965618013394072,0.1521917784530638
55-55,CO08,5,1,0.2,0.036224108632430196,0.6244653702374748
55-55,CO09,7,0,0.0,2.7755575615628914e-17,0.3543304350666875
55-55,CO10,2,1,0.5,0.09453120573423068,0.9054687942657693
55-55,CO12,2,0,0.0,0.0,0.657619772493347
55-55,CO20,20,2,0.1,0.027866481213768196,0.3010336452284873
55-55,CO21,1,0,0.0,0.0,0.7934506856227627
56-56,0,32748,3317,0.10128862831317943,0.09806752013707497,0.10460326608929756
56-56,CO01,83560,8518,0.10193872666347535,0.0999054915008045,0.10400855985617785
56-56,CO02,7821,809,0.10343945786983762,0.09688382833255185,0.11038445529413354
56-56,CO03,3870,383,0.09896640826873385,0.089952140077785,0.10877603891564634
56-56,CO04,6300,670,0.10634920634920635,0.09897510344008631,0.11420307808608682
56-56,CO07,68,5,0.07352941176470588,0.031814844251117996,0.1608518839571775
56-56,CO08,2,0,0.0,0.0,0.657619772493347
56-56,CO09,7,1,0.14285714285714285,0.02567962434474355,0.5131278292743189
56-56,CO10,1,0,0.0,0.0,0.7934506856227627
56-56,CO12,1,1,1.0,0.2065493143772374,1.0
56-56,CO14,1,0,0.0,0.0,0.7934506856227627
56-56,CO20,16,1,0.0625,0.011119344764642547,0.28328737570298945
56-56,CO21,2,0,0.0,0.0,0.657619772493347
57-57,0,32406,3286,0.1014009751280627,0.09816153156368052,0.10473490861717716
57-57,CO01,84791,8620,0.10166173296694225,0.09964564669774019,0.10371391105548587
57-57,CO02,7652,767,0.10023523261892316,0.09370575622526629,0.10716588761590372
57-57,CO03,4103,414,0.1009017791859615,0.09205567157967542,0.11049450406298567
57-57,CO04,6490,614,0.09460708782742681,0.08772453922422006,0.10196926014432829
57-57,CO07,89,10,0.11235955056179775,0.06218743336655999,0.19461011294019762
57-57,CO08,5,0,0.0,0.0,0.43448246478317487
57-57,CO09,5,1,0.2,0.036224108632430196,0.6244653702374748
57-57,CO12,1,0,0.0,0.0,0.7934506856227627
57-57,CO20,21,2,0.09523809523809523,0.026518767438074492,0.28914139073918255
58-58,0,32989,3352,0.10160962745157477,0.09839552862943232,0.10491649792617502
58-58,CO01,88208,8814,0.09992290948666788,0.09796120416962098,0.10191946000460606
58-58,CO02,7639,727,0.0951695248069119,0.08879095645396552,0.10195504641361743
58-58,CO03,4805,490,0.10197710718002082,0.09373606562431373,0.11085405597681895
58-58,CO04,6529,675,0.10338489814672998,0.0962315065885129,0.11100472704038175
58-58,CO07,76,6,0.07894736842105263,0.03668400523347175,0.16172743482138074
58-58,CO08,1,0,0.0,0.0,0.7934506856227627
58-58,CO09,7,1,0.14285714285714285,0.02567962434474355,0.5131278292743189
58-58,CO11,1,0,0.0,0.0,0.7934506856227627
58-58,CO12,2,0,0.0,0.0,0.657619772493347
58-58,CO20,29,0,0.0,0.0,0.1169697984997408
59-59,0,33581,3329,0.0991334385515619,0.09598288758210315,0.10237569234416992
59-59,CO01,92087,9228,0.10020958441473823,0.09828679935565707,0.10216572302763757
59-59,CO02,8026,853,0.1062795913281834,0.0997243765780567,0.11321151606555853
59-59,CO03,5317,529,0.09949219484671808,0.0917335564557405,0.10782913809897368
59-59,CO04,6917,694,0.10033251409570623,0.09347255175101991,0.10763615260266467
59-59,CO07,89,7,0.07865168539325842,0.038619822165174025,0.15355142382043202
59-59,CO08,4,1,0.25,0.0455872608097006,0.6993581574175982
59-59,CO09,4,0,0.0,0.0,0.4898908364545974
59-59,CO12,3,1,0.3333333333333333,0.06149194472039626,0.7923403991979523
59-59,CO20,27,2,0.07407407407407407,0.020554654060988636,0.23369592683023152
6-6,0,114794,11278,0.09824555290346185,0.0965371477289925,0.09998084574663543
6-6,CO01,458,53,0.11572052401746726,0.08956789688264745,0.14826579414451324
6-6,CO09,1,0,0.0,0.0,0.7934506856227627
6-6,CO12,1,0,0.0,0.0,0.7934506856227627
6-6,CO21,11,0,0.0,0.0,0.2588329669680318
60-60,0,31715,3165,0.09979504966104367,0.0965446763795701,0.10314236033151747
60-60,CO01,88709,8972,0.10113968143029456,0.09917278607330123,0.10314111982443556
60-60,CO02,8062,801,0.099354998759613,0.09301480071172702,0.10607682128693843
60-60,CO03,5402,491,0.09089226212513883,0.0835146650462011,0.0988512933953103
60-60,CO04,6426,634,0.09866168689698102,0.0916085509326158,0.10619437577499921
60-60,CO07,62,8,0.12903225806451613,0.06685878059283035,0.23449327290173633
60-60,CO08,1,1,1.0,0.2065493143772374,1.0
60-60,CO09,9,1,0.1111111111111111,0.019890887638544935,0.4349997055766561
60-60,CO10,1,1,1.0,0.2065493143772374,1.0
60-60,CO12,2,1,0.5,0.09453120573423068,0.9054687942657693
60-60,CO20,25,5,0.2,0.08860584686802572,0.3913095036954034
60-60,CO21,1,0,0.0,0.0,0.7934506856227627
61-61,0,28583,2922,0.10222859741804569,0.09876980771927636,0.10579429101980613
61-61,CO01,79127,8011,0.10124230667155333,0.09915984256769968,0.10336348668516145
61-61,CO02,7156,706,0.09865846841811067,0.0919631448501626,0.10578445430602026
61-61,CO03,5173,494,0.09549584380436883,0.08778442435809654,0.10380758530847718
61-61,CO04,5785,602,0.10406222990492653,0.09645487929171134,0.11219506688711461
61-61,CO07,69,4,0.057971014492753624,0.02277238888037121,0.13979243357661658
61-61,CO08,1,0,0.0,0.0,0.7934506856227627
61-61,CO09,7,0,0.0,2.7755575615628914e-17,0.3543304350666875
61-61,CO10,1,0,0.0,0.0,0.7934506856227627
61-61,CO14,1,0,0.0,0.0,0.7934506856227627
61-61,CO19,1,1,1.0,0.2065493143772374,1.0
61-61,CO20,21,3,0.14285714285714285,0.04981012499725268,0.34636060280620945
61-61,CO21,1,0,0.0,0.0,0.7934506856227627
62-62,0,26616,2657,0.09982717162608958,0.09628337744705386,0.10348646216852307
62-62,CO01,76949,7853,0.10205460759723974,0.09993554687047417,0.10421339891247534
62-62,CO02,7192,721,0.10025027808676307,0.09352117681257624,0.10740618756791259
62-62,CO03,5509,548,0.09947358867308041,0.09184711207899521,0.10765825498736914
62-62,CO04,5825,598,0.10266094420600859,0.09512660725036072,0.11071900843455261
62-62,CO07,60,6,0.1,0.046642834473884176,0.20149464723978774
62-62,CO08,2,0,0.0,0.0,0.657619772493347
62-62,CO09,12,1,0.08333333333333333,0.014865094404917095,0.35387991114111705
62-62,CO10,1,0,0.0,0.0,0.7934506856227627
62-62,CO12,2,0,0.0,0.0,0.657619772493347
62-62,CO14,2,0,0.0,0.0,0.657619772493347
62-62,CO20,24,5,0.20833333333333334,0.09244825352851854,0.40470453253188665
63-63,0,25267,2534,0.10028891439426921,0.09664564350596207,0.10405370665558102
63-63,CO01,74947,7623,0.10171187639265081,0.0995682123248498,0.10389636741838396
63-63,CO02,7124,709,0.09952274003368894,0.09278551257964293,0.10669163166311615
63-63,CO03,6133,626,0.10207076471547366,0.09474137546307859,0.10989833492338247
63-63,CO04,5581,566,0.10141551693244938,0.0937676830700805,0.10961167285178673
63-63,CO07,50,6,0.12,0.056176001509322726,0.23804817383202986
63-63,CO08,5,1,0.2,0.036224108632430196,0.6244653702374748
63-63,CO09,8,1,0.125,0.022417491450056642,0.47088818221285356
63-63,CO10,1,0,0.0,0.0,0.7934506856227627
63-63,CO11,1,0,0.0,0.0,0.7934506856227627
63-63,CO12,4,0,0.0,0.0,0.4898908364545974
63-63,CO14,2,0,0.0,0.0,0.657619772493347
63-63,CO20,31,4,0.12903225806451613,0.05134284374629143,0.2885240625630643
63-63,CO21,1,0,0.0,0.0,0.7934506856227627
64-64,0,23900,2333,0.09761506276150628,0.09391674093621896,0.10144271485943049
64-64,CO01,74302,7371,0.09920325159484267,0.09707449323792063,0.10137345068305152
64-64,CO02,6983,656,0.09394243161964771,0.08732109506622332,0.10101027993005349
64-64,CO03,6434,623,0.09682934410941871,0.08984210053792514,0.10429773139413433
64-64,CO04,5418,533,0.09837578442229605,0.09072782133290919,0.10659286149159294
64-64,CO07,38,2,0.05263157894736842,0.014554208147292413,0.17285462131770382
64-64,CO08,7,0,0.0,2.7755575615628914e-17,0.3543304350666875
64-64,CO09,8,0,0.0,0.0,0.32440756488388034
64-64,CO12,2,0,0.0,0.0,0.657619772493347
64-64,CO14,1,0,0.0,0.0,0.7934506856227627
64-64,CO20,26,3,0.11538461538461539,0.040032446236106134,0.28975903211713644
65-65,0,24961,2495,0.0999559312527543,0.0962963198565166,0.10373865601376864
65-65,CO01,80089,8025,0.10020102635817653,0.09814060784473239,0.10229979564719133
65-65,CO02,7513,759,0.10102489019033675,0.09441304793128297,0.10804452246683657
65-65,CO03,7400,716,0.09675675675675675,0.09022889250318365,0.10370306387468824
65-65,CO04,5629,555,0.09859655356191153,0.09108019940070732,0.10666040220569593
65-65,CO07,47,4,0.0851063829787234,0.033594123457925534,0.1993153778696459
65-65,CO08,6,3,0.5,0.18761630648265054,0.8123836935173494
65-65,CO09,8,1,0.125,0.022417491450056642,0.47088818221285356
65-65,CO12,4,1,0.25,0.0455872608097006,0.6993581574175982
65-65,CO20,31,6,0.1935483870967742,0.09187008361586094,0.3628025781179547
66-66,0,25800,2576,0.09984496124031007,0.09624618314752113,0.103562882764184
66-66,CO01,85634,8483,0.09906112058294603,0.0970781747442741,0.10108003627253104
66-66,CO02,8089,812,0.1003832364940042,0.09402295668696817,0.10712289141888445
66-66,CO03,8228,776,0.09431210500729217,0.08818504990170226,0.10081779552525355
66-66,CO04,5861,609,0.10390718307456065,0.09635288654791388,0.11198035952526858
66-66,CO07,47,5,0.10638297872340426,0.04630478218108158,0.2259426934373836
66-66,CO08,3,0,0.0,0.0,0.5614970317550455
66-66,CO09,11,1,0.09090909090909091,0.016232172885884855,0.3773584364515957
66-66,CO10,1,0,0.0,0.0,0.7934506856227627
66-66,CO11,1,1,1.0,0.2065493143772374,1.0
66-66,CO12,3,1,0.3333333333333333,0.06149194472039626,0.7923403991979523
66-66,CO14,1,0,0.0,0.0,0.7934506856227627
66-66,CO20,57,6,0.10526315789473684,0.049144658523744625,0.21122810583387036
66-66,CO21,1,0,0.0,0.0,0.7934506856227627
67-67,0,25104,2503,0.09970522625876355,0.0960600558650805,0.10347288554835495
67-67,CO01,87537,8756,0.10002627460388179,0.09805621412954688,0.10203143829563763
67-67,CO02,8680,846,0.09746543778801843,0.09140290771894675,0.10388410516152528
67-67,CO03,10013,1024,0.10226705283131929,0.09648394297643825,0.10835522386630644
67-67,CO04,5974,569,0.09524606628724473,0.08806005208538033,0.10295228350204695
67-67,CO07,49,5,0.10204081632653061,0.04437954674476263,0.21756361549195896
67-67,CO08,6,1,0.16666666666666666,0.030053369748306635,0.5635028221864703
67-67,CO09,9,0,0.0,2.7755575615628914e-17,0.29914504841954415
67-67,CO10,2,0,0.0,0.0,0.657619772493347
67-67,CO11,1,0,0.0,0.0,0.7934506856227627
67-67,CO12,2,0,0.0,0.0,0.657619772493347
67-67,CO14,2,0,0.0,0.0,0.657619772493347
67-67,CO20,47,7,0.14893617021276595,0.0740671999643172,0.27685622423593553
67-67,CO21,2,0,0.0,0.0,0.657619772493347
68-68,0,24209,2391,0.09876492213639555,0.09507013701681642,0.10258702217947531
68-68,CO01,87646,8948,0.10209250850010268,0.10010546787136365,0.10411442757739567
68-68,CO02,9059,850,0.0938293409868639,0.08799573350342692,0.10000727488665996
68-68,CO03,11128,1083,0.09732207045291158,0.09195327049990108,0.10296878860841892
68-68,CO04,5579,533,0.09553683455816454,0.08809928487205841,0.10353099277632118
68-68,CO07,46,3,0.06521739130434782,0.02242786142928857,0.17502741081904225
68-68,CO08,1,0,0.0,0.0,0.7934506856227627
68-68,CO09,9,2,0.2222222222222222,0.06322510711784671,0.5474110308930111
68-68,CO14,2,0,0.0,0.0,0.657619772493347
68-68,CO20,42,4,0.09523809523809523,0.037662248805573895,0.22065105808571028
68-68,CO21,1,0,0.0,0.0,0.7934506856227627
69-69,0,23430,2359,0.10068288518992745,0.09689512904193369,0.10460155971557063
69-69,CO01,86705,8814,0.10165503719508678,0.0996611892358128,0.10368418088073195
69-69,CO02,9216,945,0.1025390625,0.09651033891682953,0.10889899130639694
69-69,CO03,11946,1137,0.0951783023606228,0.09004523336362139,0.1005716435773962
69-69,CO04,5579,552,0.09894246280695465,0.09138128619734062,0.10705556123817869
69-69,CO07,41,2,0.04878048780487805,0.013480945365169028,0.16138978870370854
69-69,CO08,5,1,0.2,0.036224108632430196,0.6244653702374748
69-69,CO09,6,1,0.16666666666666666,0.030053369748306635,0.5635028221864703
69-69,CO10,1,0,0.0,0.0,0.7934506856227627
69-69,CO12,5,1,0.2,0.036224108632430196,0.6244653702374748
69-69,CO14,2,0,0.0,0.0,0.657619772493347
69-69,CO17,1,0,0.0,0.0,0.7934506856227627
69-69,CO20,30,4,0.13333333333333333,0.05309655484054743,0.296813266820363
7-7,0,110068,11139,0.10120107569865901,0.0994332423992557,0.10299674481192965
7-7,CO01,4115,415,0.10085054678007291,0.09201893113292853,0.11042670003721111
7-7,CO12,1,0,0.0,0.0,0.7934506856227627
7-7,CO20,1,0,0.0,0.0,0.7934506856227627
7-7,CO21,4,0,0.0,0.0,0.4898908364545974
70-70,0,22888,2328,0.10171268787137365,0.09786331220762387,0.1056957359887877
70-70,CO01,85350,8631,0.10112478031634446,0.09912002901399385,0.10316543539771246
70-70,CO02,9393,1010,0.10752688172043011,0.10142182677717805,0.11395282519387766
70-70,CO03,13289,1331,0.10015802543456995,0.09516880120180997,0.10537834795957036
70-70,CO04,5507,546,0.09914654076629743,0.09153051038234976,0.10732141940174554
70-70,CO07,44,5,0.11363636363636363,0.04952780601092492,0.2397915241660829
70-70,CO08,4,1,0.25,0.0455872608097006,0.6993581574175982
70-70,CO09,7,0,0.0,2.7755575615628914e-17,0.3543304350666875
70-70,CO12,2,0,0.0,0.0,0.657619772493347
70-70,CO15,1,0,0.0,0.0,0.7934506856227627
70-70,CO17,1,0,0.0,0.0,0.7934506856227627
70-70,CO20,44,6,0.13636363636363635,0.06402954497555871,0.2670945304851545
71-71,0,22812,2291,0.10042959845695248,0.09659617030877159,0.10439757638680737
71-71,CO01,85263,8605,0.10092302640066618,0.09891906346301985,0.10296294792981514
71-71,CO02,9599,1000,0.10417751849150954,0.09822373927155297,0.11044798226145901
71-71,CO03,13947,1381,0.09901770990177099,0.09417053783236769,0.10408570835785307
71-71,CO04,5594,615,0.10993922059349302,0.10200799680485016,0.1184057944568676
71-71,CO07,36,4,0.1111111111111111,0.04406640300315648,0.2531480859036487
71-71,CO08,4,0,0.0,0.0,0.4898908364545974
71-71,CO09,4,2,0.5,0.15003898915214947,0.8499610108478506
71-71,CO12,2,1,0.5,0.09453120573423068,0.9054687942657693
71-71,CO14,1,0,0.0,0.0,0.7934506856227627
71-71,CO20,45,1,0.022222222222222223,0.003933598882833421,0.1156668176841488
72-72,0,22425,2229,0.09939799331103678,0.09555039004096301,0.10338282133389222
72-72,CO01,79973,8187,0.10237205056706639,0.1002901652395965,0.1044921337369577
72-72,CO02,10852,1072,0.09878363435311463,0.09331109378654867,0.10454012456147807
72-72,CO03,17704,1775,0.10025982828739267,0.09592197946654785,0.1047711127482823
72-72,CO04,5165,551,0.10667957405614714,0.0985510061438295,0.11539276977399471
72-72,CO07,40,6,0.15,0.07061187717320357,0.2907232436648971
72-72,CO08,2,0,0.0,0.0,0.657619772493347
72-72,CO09,5,1,0.2,0.036224108632430196,0.6244653702374748
72-72,CO10,1,0,0.0,0.0,0.7934506856227627
72-72,CO11,1,0,0.0,0.0,0.7934506856227627
72-72,CO12,3,0,0.0,0.0,0.5614970317550455
72-72,CO14,2,1,0.5,0.09453120573423068,0.9054687942657693
72-72,CO15,1,0,0.0,0.0,0.7934506856227627
72-72,CO20,50,5,0.1,0.0434757649318904,0.21360231437479657
73-73,0,21315,2115,0.0992258972554539,0.09528430077504069,0.10331192533784395
73-73,CO01,73874,7418,0.10041421880499228,0.09826764226495416,0.10260235022247363
73-73,CO02,12181,1189,0.09761103357688203,0.09246668311078517,0.10300910267356427
73-73,CO03,20303,2022,0.09959119341969166,0.09554757028636769,0.10378630775808963
73-73,CO04,4219,429,0.10168286323773407,0.0929224254083176,0.11116798793658195
73-73,CO07,30,3,0.1,0.03459988874733416,0.25621082579184085
73-73,CO08,3,0,0.0,0.0,0.5614970317550455
73-73,CO09,8,2,0.25,0.071479212752109,0.5907245696898311
73-73,CO10,2,0,0.0,0.0,0.657619772493347
73-73,CO12,1,0,0.0,0.0,0.7934506856227627
73-73,CO14,1,0,0.0,0.0,0.7934506856227627
73-73,CO19,1,0,0.0,0.0,0.7934506856227627
73-73,CO20,32,6,0.1875,0.08889544689565951,0.35309155201375964
73-73,CO21,1,0,0.0,0.0,0.7934506856227627
74-74,0,20224,1965,0.09716178797468354,0.09315601527210383,0.10132056626671755
74-74,CO01,70171,7120,0.10146641775092274,0.0992541144811661,0.10372235347678609
74-74,CO02,11391,1194,0.10481959441664472,0.09932691525873306,0.11057872208290638
74-74,CO03,20658,1968,0.09526575660760964,0.09133723407318912,0.09934477588574155
74-74,CO04,3903,401,0.10274148091211888,0.09360342495319818,0.11266075733177805
74-74,CO05,1,1,1.0,0.2065493143772374,1.0
74-74,CO07,35,3,0.08571428571428572,0.02958236826696979,0.22379273965896496
74-74,CO08,4,0,0.0,0.0,0.4898908364545974
74-74,CO09,8,0,0.0,0.0,0.32440756488388034
74-74,CO12,6,1,0.16666666666666666,0.030053369748306635,0.5635028221864703
74-74,CO14,1,0,0.0,0.0,0.7934506856227627
74-74,CO20,34,1,0.029411764705882353,0.0052109062762689395,0.14915573292685935
74-74,CO21,1,1,1.0,0.2065493143772374,1.0
75-75,0,20611,2065,0.10018921934889137,0.09616436313781494,0.10436308050410077
75-75,CO01,70356,7109,0.10104326567741202,0.09883799993857487,0.10329209535369879
75-75,CO02,11902,1224,0.10283985884725257,0.09751038110865645,0.10842562663182925
75-75,CO03,21415,2126,0.09927620826523464,0.09534274665435295,0.10335340911125483
75-75,CO04,3780,397,0.10502645502645502,0.09565053207237552,0.11520435376350106
75-75,CO07,22,3,0.13636363636363635,0.0474900371405525,0.3333498716657173
75-75,CO08,1,0,0.0,0.0,0.7934506856227627
75-75,CO09,13,0,0.0,0.0,0.22809537235419847
75-75,CO12,2,0,0.0,0.0,0.657619772493347
75-75,CO20,35,2,0.05714285714285714,0.01581316185710864,0.18607057420164924
75-75,CO21,1,0,0.0,0.0,0.7934506856227627
76-76,0,20685,2063,0.09973410684070583,0.09572467695855452,0.10389217771360187
76-76,CO01,70909,7279,0.10265269570858424,0.10044028184174683,0.10490815941732753
76-76,CO02,12472,1280,0.10262989095574086,0.0974256407135707,0.10807885109030695
76-76,CO03,22108,2288,0.10349194861588565,0.09954542308767106,0.10757624370565413
76-76,CO04,3801,392,0.10313075506445672,0.09385955078046597,0.11320333668735634
76-76,CO07,29,4,0.13793103448275862,0.05497439964111964,0.30558993720352023
76-76,CO08,4,0,0.0,0.0,0.4898908364545974
76-76,CO09,5,1,0.2,0.036224108632430196,0.6244653702374748
76-76,CO11,1,0,0.0,0.0,0.7934506856227627
76-76,CO14,1,0,0.0,0.0,0.7934506856227627
76-76,CO20,49,5,0.10204081632653061,0.04437954674476263,0.21756361549195896
76-76,CO21,2,1,0.5,0.09453120573423068,0.9054687942657693
77-77,0,19774,1971,0.09967634267219581,0.09557839732879295,0.1039297980946714
77-77,CO01,66132,6558,0.0991653057521321,0.09691058251284095,0.10146659345444041
77-77,CO02,12103,1203,0.09939684375774602,0.09419294765555408,0.10485495984512222
77-77,CO03,20883,2078,0.09950677584638222,0.09552021204600254,0.10364065519292397
77-77,CO04,3491,358,0.10254941277570896,0.09291892449796778,0.1130536402957436
77-77,CO07,20,2,0.1,0.027866481213768196,0.3010336452284873
77-77,CO08,4,0,0.0,0.0,0.4898908364545974
77-77,CO09,6,0,0.0,0.0,0.39033428790216546
77-77,CO12,1,0,0.0,0.0,0.7934506856227627
77-77,CO15,1,0,0.0,0.0,0.7934506856227627
77-77,CO20,38,1,0.02631578947368421,0.004660587685768797,0.13494876115952134
78-78,0,16019,1600,0.09988139084836756,0.09533362938636322,0.10462100831349092
78-78,CO01,50703,5012,0.09885016665680532,0.0962826013881845,0.10147851270061874
78-78,CO02,9820,1001,0.10193482688391038,0.09610540942403442,0.10807555860448317
78-78,CO03,16742,1620,0.09676263289929518,0.09237653704871061,0.10133373226188498
78-78,CO04,2589,261,0.10081112398609501,0.08979863049355606,0.11300646467792554
78-78,CO07,16,2,0.125,0.03497748774324044,0.36022827265758695
78-78,CO08,1,0,0.0,0.0,0.7934506856227627
78-78,CO09,3,1,0.3333333333333333,0.06149194472039626,0.7923403991979523
78-78,CO10,1,1,1.0,0.2065493143772374,1.0
78-78,CO20,23,2,0.08695652173913043,0.024180004484220335,0.2679598107574366
78-78,CO21,1,0,0.0,0.0,0.7934506856227627
79-79,0,16615,1607,0.0967198314775805,0.09231825241946744,0.10130784761849744
79-79,CO01,51004,5135,0.10067837816641832,0.09809698755200398,0.10331991551602536
79-79,CO02,10025,1037,0.10344139650872818,0.09763118138405376,0.10955540814899391
79-79,CO03,17542,1780,0.10147075590012541,0.09708931802212467,0.10602670050482205
79-79,CO04,2554,225,0.08809710258418167,0.07771415907337306,0.09971726743495321
79-79,CO07,8,2,0.25,0.071479212752109,0.5907245696898311
79-79,CO08,3,0,0.0,0.0,0.5614970317550455
79-79,CO09,3,0,0.0,0.0,0.5614970317550455
79-79,CO20,37,3,0.08108108108108109,0.027960574100447944,0.21300679349288387
79-79,CO21,1,0,0.0,0.0,0.7934506856227627
8-8,0,107556,10940,0.10171445572538956,0.09992219258076011,0.10353516810342168
8-8,CO01,5257,508,0.09663306068099677,0.08893826091260479,0.1049169363602111
8-8,CO21,5,0,0.0,0.0,0.43448246478317487
80-80,0,16084,1620,0.10072121362845063,0.0961649992248698,0.10546810780964476
80-80,CO01,47464,4779,0.10068683633912018,0.09801194697327031,0.10342635662256064
80-80,CO02,9180,860,0.09368191721132897,0.08789002919430813,0.09981371836603511
80-80,CO03,16796,1635,0.09734460585853774,0.09295331286232413,0.10192004155863536
80-80,CO04,2306,225,0.09757155247181266,0.08612122681737563,0.11036042220991565
80-80,CO07,9,1,0.1111111111111111,0.019890887638544935,0.4349997055766561
80-80,CO08,1,1,1.0,0.2065493143772374,1.0
80-80,CO09,3,0,0.0,0.0,0.5614970317550455
80-80,CO20,42,6,0.14285714285714285,0.06715967015962646,0.2784108947444478
80-80,CO21,1,1,1.0,0.2065493143772374,1.0
81-81,0,14390,1426,0.09909659485753995,0.09432119821157241,0.10408597939914145
81-81,CO01,40168,4086,0.10172276438956383,0.09880462454750831,0.10471707527801692
81-81,CO02,7782,731,0.09393472115137497,0.08765177761251632,0.10061836204721449
81-81,CO03,14266,1433,0.1004486190943502,0.09562300130708001,0.1054893563250886
81-81,CO04,2014,206,0.10228401191658391,0.08979808555787602,0.11628423919707684
81-81,CO07,8,2,0.25,0.071479212752109,0.5907245696898311
81-81,CO08,3,0,0.0,0.0,0.5614970317550455
81-81,CO09,5,2,0.4,0.11762077423264788,0.7692757187239871
81-81,CO11,1,0,0.0,0.0,0.7934506856227627
81-81,CO12,2,0,0.0,0.0,0.657619772493347
81-81,CO20,28,5,0.17857142857142858,0.07878501945604272,0.3559142478934295
82-82,0,13831,1298,0.0938471549417974,0.08909933712430695,0.09882052206302838
82-82,CO01,36316,3714,0.10226897235378346,0.09919458514821541,0.10542749359204806
82-82,CO02,6924,728,0.10514153668399769,0.09813423551218958,0.11258673255528676
82-82,CO03,13612,1351,0.09925066118131061,0.09434024662270973,0.10438720382566341
82-82,CO04,1665,149,0.0894894894894895,0.07670665004426351,0.10416221393637719
82-82,CO07,9,1,0.1111111111111111,0.019890887638544935,0.4349997055766561
82-82,CO08,3,0,0.0,0.0,0.5614970317550455
82-82,CO09,4,0,0.0,0.0,0.4898908364545974
82-82,CO12,2,0,0.0,0.0,0.657619772493347
82-82,CO13,1,0,0.0,0.0,0.7934506856227627
82-82,CO20,24,3,0.125,0.04344334080123441,0.31003881270500083
83-83,0,13313,1317,0.09892586193945767,0.09396936645004805,0.10411375010410026
83-83,CO01,38774,4021,0.10370351266312478,0.10070807502610736,0.10677746713241644
83-83,CO02,4921,469,0.0953058321479374,0.0874145068767567,0.10382849387686108
83-83,CO03,9568,953,0.09960284280936454,0.09376204507464403,0.10576502263088369
83-83,CO04,1294,128,0.09891808346213292,0.0838192492148066,0.11639122877131317
83-83,CO07,4,0,0.0,0.0,0.4898908364545974
83-83,CO08,4,0,0.0,0.0,0.4898908364545974
83-83,CO09,6,1,0.16666666666666666,0.030053369748306635,0.5635028221864703
83-83,CO20,33,4,0.12121212121212122,0.04816161309413555,0.2732550517107524
84-84,0,11951,1233,0.1031712827378462,0.0978446210174535,0.10875297103997689
84-84,CO01,31900,3201,0.1003448275862069,0.09709564955614326,0.1036902485022118
84-84,CO02,4295,418,0.09732246798603027,0.0888147629427627,0.10654984095474619
84-84,CO03,7816,807,0.10324974411463664,0.09669764679960242,0.11019164467008417
84-84,CO04,1110,97,0.08738738738738738,0.07216491965393972,0.1054559232891515
84-84,CO07,4,1,0.25,0.0455872608097006,0.6993581574175982
84-84,CO08,2,1,0.5,0.09453120573423068,0.9054687942657693
84-84,CO09,6,2,0.3333333333333333,0.09677141110578041,0.700006684861608
84-84,CO12,1,1,1.0,0.2065493143772374,1.0
84-84,CO20,33,5,0.15151515151515152,0.06650457281607568,0.30919875880442127
85-85,0,11447,1139,0.09950205293963484,0.09415216085355936,0.1051206582686519
85-85,CO01,28341,2866,0.10112557778483469,0.09766934880686841,0.10468992235553017
85-85,CO02,4127,421,0.1020111461109765,0.09314412532870017,0.11161838304947705
85-85,CO03,6721,678,0.10087784555869662,0.0939041869410238,0.10830748855313178
85-85,CO04,931,85,0.09129967776584318,0.07443896446729457,0.11151926104828723
85-85,CO07,4,0,0.0,0.0,0.4898908364545974
85-85,CO08,3,0,0.0,0.0,0.5614970317550455
85-85,CO09,4,1,0.25,0.0455872608097006,0.6993581574175982
85-85,CO12,3,0,0.0,0.0,0.5614970317550455
85-85,CO20,24,1,0.041666666666666664,0.007393456165505796,0.20241806478655947
85-85,CO21,1,0,0.0,0.0,0.7934506856227627
86-86,0,10733,1065,0.09922668405851114,0.09371326661485291,0.10502688122142423
86-86,CO01,24612,2409,0.09787908337396392,0.0942292201542635,0.10165445365339604
86-86,CO02,3532,351,0.09937712344280861,0.08994187629564886,0.10968287131849126
86-86,CO03,5870,584,0.09948892674616695,0.09209184224370397,0.10740987516491805
86-86,CO04,792,73,0.09217171717171717,0.07394689053793255,0.1143336484562717
86-86,CO07,4,0,0.0,0.0,0.4898908364545974
86-86,CO08,1,1,1.0,0.2065493143772374,1.0
86-86,CO12,1,0,0.0,0.0,0.7934506856227627
86-86,CO20,25,1,0.04,0.007096233501987265,0.1954406373619374
86-86,CO21,1,0,0.0,0.0,0.7934506856227627
87-87,0,10380,1087,0.10472061657032755,0.098975722810918,0.11075797424689844
87-87,CO01,22105,2134,0.09653924451481566,0.09271582949107915,0.10050286388900168
87-87,CO02,3161,331,0.10471369819677318,0.09451540091535438,0.11587158607413128
87-87,CO03,5359,501,0.09348759096846426,0.08598195901659844,0.10157560100903057
87-87,CO04,729,88,0.12071330589849108,0.09903011897399966,0.14637283504295684
87-87,CO07,2,0,0.0,0.0,0.657619772493347
87-87,CO08,2,0,0.0,0.0,0.657619772493347
87-87,CO09,5,1,0.2,0.036224108632430196,0.6244653702374748
87-87,CO20,30,3,0.1,0.03459988874733416,0.25621082579184085
88-88,0,10305,988,0.09587578845220766,0.09034094017269703,0.10171182023974054
88-88,CO01,19887,1990,0.10006536933675265,0.09597157696695717,0.10431363806873149
88-88,CO02,2850,281,0.09859649122807018,0.08818583185339027,0.11008778179525275
88-88,CO03,4686,441,0.0941101152368758,0.08607946083055748,0.10280570012826257
88-88,CO04,674,67,0.09940652818991098,0.07903811240706439,0.1243154255434029
88-88,CO07,6,1,0.16666666666666666,0.030053369748306635,0.5635028221864703
88-88,CO08,2,0,0.0,0.0,0.657619772493347
88-88,CO09,2,0,0.0,0.0,0.657619772493347
88-88,CO20,20,0,0.0,0.0,0.1611251580528194
88-88,CO21,1,1,1.0,0.2065493143772374,1.0
89-89,0,10245,1048,0.1022938018545632,0.09657416002703362,0.10831157923020307
89-89,CO01,17416,1718,0.09864492420762518,0.09430450960250837,0.10316235408578882
89-89,CO02,2757,269,0.09756982227058397,0.08704703246622786,0.10921250177451922
89-89,CO03,4229,433,0.10238827145897375,0.09360924509063837,0.11188899227141944
89-89,CO04,583,49,0.08404802744425385,0.06415779565716523,0.1093838948453307
89-89,CO07,2,0,0.0,0.0,0.657619772493347
89-89,CO08,1,0,0.0,0.0,0.7934506856227627
89-89,CO09,2,0,0.0,0.0,0.657619772493347
89-89,CO14,1,0,0.0,0.0,0.7934506856227627
89-89,CO20,21,4,0.19047619047619047,0.07667565052761788,0.4000056469020493
89-89,CO21,1,1,1.0,0.2065493143772374,1.0
9-9,0,105823,10576,0.09994046662823772,0.09814793719277376,0.10176203996602531
9-9,CO01,6506,661,0.1015985244389794,0.09449077346616488,0.10917646900165398
9-9,CO09,1,0,0.0,0.0,0.7934506856227627
9-9,CO20,1,0,0.0,0.0,0.7934506856227627
9-9,CO21,7,0,0.0,2.7755575615628914e-17,0.3543304350666875
90-90,0,9784,952,0.0973017170891251,0.09158631235597779,0.1033332178435402
90-90,CO01,15116,1492,0.0987033606774279,0.0940500581932227,0.10356057594987748
90-90,CO02,2658,262,0.09857035364936043,0.0878109695526615,0.11048839086625308
90-90,CO03,3601,346,0.0960844209941683,0.08688477405106294,0.10614492413941869
90-90,CO04,545,47,0.08623853211009175,0.06547159058554095,0.11279748374956466
90-90,CO07,1,0,0.0,0.0,0.7934506856227627
90-90,CO08,1,0,0.0,0.0,0.7934506856227627
90-90,CO09,1,0,0.0,0.0,0.7934506856227627
90-90,CO20,14,0,0.0,2.7755575615628914e-17,0.21531080273763586
90-90,CO21,1,0,0.0,0.0,0.7934506856227627
91-91,0,9722,1033,0.10625385723102242,0.10028299708331397,0.11253575670620879
91-91,CO01,13546,1344,0.09921748117525468,0.09429614942817252,0.10436606127011985
91-91,CO02,2240,257,0.11473214285714285,0.10218866447432104,0.12859477915313489
91-91,CO03,3120,299,0.09583333333333334,0.08599585829137259,0.10666483424194824
91-91,CO04,480,44,0.09166666666666666,0.06899369317237658,0.12082356441556708
91-91,CO07,1,0,0.0,0.0,0.7934506856227627
91-91,CO20,31,4,0.12903225806451613,0.05134284374629143,0.2885240625630643
92-92,0,9244,880,0.0951968844655993,0.08938108702868039,0.10134898405599663
92-92,CO01,10986,1087,0.09894411068632805,0.09350010925280469,0.10466848735353756
92-92,CO02,2029,194,0.09561360275998028,0.08357193900020791,0.10918360379948087
92-92,CO03,2383,238,0.09987410826689047,0.08847227691516767,0.11256389037923538
92-92,CO04,386,40,0.10362694300518134,0.07702754345870186,0.138037983625878
92-92,CO07,2,1,0.5,0.09453120573423068,0.9054687942657693
92-92,CO08,2,0,0.0,0.0,0.657619772493347
92-92,CO09,1,0,0.0,0.0,0.7934506856227627
92-92,CO20,26,7,0.2692307692307692,0.13704448322018375,0.4608304037917618
92-92,CO21,1,0,0.0,0.0,0.7934506856227627
93-93,0,8295,812,0.09789029535864979,0.09168021674250416,0.10447263988189727
93-93,CO01,8993,911,0.101301011898143,0.09523420242536983,0.1077082932468864
93-93,CO02,1622,156,0.09617755856966707,0.08276860348847004,0.11149477754856546
93-93,CO03,2148,210,0.09776536312849161,0.08591430445895738,0.11105255714848568
93-93,CO04,344,33,0.09593023255813954,0.0691243434842047,0.13166097709684804
93-93,CO08,1,1,1.0,0.2065493143772374,1.0
93-93,CO09,1,0,0.0,0.0,0.7934506856227627
93-93,CO20,10,2,0.2,0.056682151454375246,0.5098375284633583
93-93,CO21,1,0,0.0,0.0,0.7934506856227627
94-94,0,7098,688,0.0969287123133277,0.09026231163782515,0.10403116376873871
94-94,CO01,6439,622,0.09659885075322255,0.08962203665166181,0.10405671003118776
94-94,CO02,1248,142,0.11378205128205128,0.09733674065133688,0.13259769457008255
94-94,CO03,1509,179,0.11862160371106693,0.10326775581948866,0.13591226976148696
94-94,CO04,234,21,0.08974358974358974,0.05944682968773422,0.13329273324630186
94-94,CO07,1,0,0.0,0.0,0.7934506856227627
94-94,CO09,1,0,0.0,0.0,0.7934506856227627
94-94,CO20,12,2,0.16666666666666666,0.04696514218385381,0.4480308622529735
95-95,0,6139,610,0.0993647173806809,0.0921301597450769,0.10710035385760491
95-95,CO01,4895,486,0.09928498467824311,0.09121923893853873,0.1079791770591102
95-95,CO02,932,99,0.10622317596566523,0.08803240439582445,0.12764671188851476
95-95,CO03,1115,120,0.10762331838565023,0.0907616436474082,0.12717938535031353
95-95,CO04,195,22,0.11282051282051282,0.07569502987584399,0.16490599520431953
95-95,CO08,2,0,0.0,0.0,0.657619772493347
95-95,CO20,11,4,0.36363636363636365,0.1516647109536757,0.6461988254921511
96-96,0,4933,478,0.09689843908372188,0.0889543132087974,0.10546988834333831
96-96,CO01,3488,317,0.09088302752293578,0.08178855587181318,0.10087765802786185
96-96,CO02,705,67,0.0950354609929078,0.0755298607853854,0.11893034904774455
96-96,CO03,826,93,0.11259079903147699,0.09280331657342593,0.13596503044370428
96-96,CO04,155,13,0.08387096774193549,0.049668328719835564,0.138201129557932
96-96,CO09,1,0,0.0,0.0,0.7934506856227627
96-96,CO20,3,1,0.3333333333333333,0.06149194472039626,0.7923403991979523
97-97,0,3864,365,0.09446169772256728,0.08563855799380063,0.1040903816831743
97-97,CO01,2522,238,0.0943695479777954,0.08356894719695908,0.10640396545161636
97-97,CO02,496,48,0.0967741935483871,0.07377002069286565,0.12597623296175525
97-97,CO03,582,53,0.09106529209621993,0.07029589224404072,0.11719759625335292
97-97,CO04,110,4,0.03636363636363636,0.014230310826517954,0.08978679281359794
97-97,CO08,2,0,0.0,0.0,0.657619772493347
97-97,CO09,2,0,0.0,0.0,0.657619772493347
97-97,CO20,6,1,0.16666666666666666,0.030053369748306635,0.5635028221864703
98-98,0,3012,320,0.10624169986719788,0.09573413488884289,0.11775237214805553
98-98,CO01,1659,170,0.1024713682941531,0.08878450189228979,0.11799495804765558
98-98,CO02,337,34,0.10089020771513353,0.0730991027241098,0.13767765861608747
98-98,CO03,379,38,0.10026385224274406,0.0739223744406873,0.13462729274174892
98-98,CO04,68,4,0.058823529411764705,0.023110765539635765,0.14171688433101473
98-98,CO09,1,0,0.0,0.0,0.7934506856227627
98-98,CO20,1,0,0.0,0.0,0.7934506856227627
99-99,0,2208,202,0.09148550724637682,0.08015936562583657,0.10423063990292604
99-99,CO01,1109,120,0.10820559062218214,0.09125691495755142,0.1278591656736456
99-99,CO02,275,23,0.08363636363636363,0.056376167868376514,0.12236862507413965
99-99,CO03,281,39,0.1387900355871886,0.10321747591376318,0.18410537083591866
99-99,CO04,46,5,0.10869565217391304,0.04733145858098943,0.23037828644250835
99-99,CO20,3,1,0.3333333333333333,0.06149194472039626,0.7923403991979523
